2015-07-16,anteprima,5:30,2
2015-07-16,anteprima,6:00,2
2015-07-16,anteprima,6:30,2
2015-07-16,anteprima,7:00,2
2015-07-16,anteprima,7:30,2
2015-07-16,anteprima,8:00,2
2015-07-16,anteprima,8:30,2
2015-07-16,anteprima,9:00,2
2015-07-16,anteprima,9:30,2
2015-07-16,anteprima,5:30,4
2015-07-16,anteprima,6:00,4
2015-07-16,anteprima,6:30,4
2015-07-16,anteprima,7:00,4
2015-07-16,anteprima,7:30,4
2015-07-16,anteprima,8:00,4
2015-07-16,anteprima,8:30,4
2015-07-16,anteprima,9:00,4
2015-07-16,anteprima,9:30,4
2015-07-16,anteprima,5:30,6
2015-07-16,anteprima,6:00,6
2015-07-16,anteprima,6:30,6
2015-07-16,anteprima,7:00,6
2015-07-16,anteprima,7:30,6
2015-07-16,anteprima,8:00,6
2015-07-16,anteprima,8:30,6
2015-07-16,anteprima,9:30,6
2015-07-16,anteprima,6:00,8
2015-07-16,anteprima,6:30,8
2015-07-16,anteprima,7:00,8
2015-07-16,anteprima,7:30,8
2015-07-16,anteprima,8:00,8
2015-07-16,anteprima,8:30,8
2015-07-16,anteprima,6:00,10
2015-07-16,anteprima,6:30,10
2015-07-16,anteprima,7:00,10
2015-07-16,anteprima,7:30,10
2015-07-16,anteprima,8:00,10
2015-07-16,anteprima,5:30,2
2015-07-16,anteprima,6:00,2
2015-07-16,anteprima,6:30,2
2015-07-16,anteprima,7:00,2
2015-07-16,anteprima,7:30,2
2015-07-16,anteprima,8:00,2
2015-07-16,anteprima,8:30,2
2015-07-16,anteprima,9:00,2
2015-07-16,anteprima,9:30,2
2015-07-16,anteprima,5:30,4
2015-07-16,anteprima,6:00,4
2015-07-16,anteprima,6:30,4
2015-07-16,anteprima,7:00,4
2015-07-16,anteprima,7:30,4
2015-07-16,anteprima,8:00,4
2015-07-16,anteprima,8:30,4
2015-07-16,anteprima,9:00,4
2015-07-16,anteprima,9:30,4
2015-07-16,anteprima,5:30,6
2015-07-16,anteprima,6:00,6
2015-07-16,anteprima,6:30,6
2015-07-16,anteprima,7:00,6
2015-07-16,anteprima,7:30,6
2015-07-16,anteprima,8:00,6
2015-07-16,anteprima,8:30,6
2015-07-16,anteprima,9:30,6
2015-07-16,anteprima,6:00,8
2015-07-16,anteprima,6:30,8
2015-07-16,anteprima,7:00,8
2015-07-16,anteprima,7:30,8
2015-07-16,anteprima,8:00,8
2015-07-16,anteprima,8:30,8
2015-07-16,anteprima,6:00,10
2015-07-16,anteprima,6:30,10
2015-07-16,anteprima,7:00,10
2015-07-16,anteprima,7:30,10
2015-07-16,anteprima,8:00,10
